ki;kinek;mikor;hossz
teke11@freemail.hu;petrakis@citromail.hu;15:26;1236
szabo@freemail.hu;tevehaz@citromail.hu;12:55;571
tevehaz@citromail.hu;mateka2@citromail.hu;23:22;1444
potyi75@gmail.com;misedina@gmail.com;14:51;395
mateka2@citromail.hu;tevehaz@citromail.hu;07:43;1197
regina09@citromail.hu;szabo@freemail.hu;06:19;1159
krisz17@gmail.com;nemen@freemail.hu;07:50;776
nemen@freemail.hu;mateka2@citromail.hu;09:02;958
rita03@freemail.hu;bond007@gmail.com;13:03;119
petrakis@citromail.hu;krisz17@gmail.com;08:59;557
potyi75@gmail.com;misedina@gmail.com;15:34;288
bond007@gmail.com;rita03@freemail.hu;08:13;1317
potyi75@gmail.com;mateka2@citromail.hu;21:15;1857
sanyi17@citromail.hu;pistanagy@gmail.com;13:13;901
nemen@freemail.hu;pistanagy@gmail.com;15:06;1225
petrakis@citromail.hu;valaki@gmail.com;13:12;1069
szabo@freemail.hu;bond007@gmail.com;11:40;1816
pistanagy@gmail.com;mateka2@citromail.hu;22:46;1407
valaki@gmail.com;pistanagy@gmail.com;10:21;206
nemen@freemail.hu;rita03@freemail.hu;11:19;699
nemen@freemail.hu;tevehaz@citromail.hu;21:29;1491
pistanagy@gmail.com;rita03@freemail.hu;13:16;895
bela06@gmail.com;bond007@gmail.com;09:23;838
rita03@freemail.hu;bond007@gmail.com;13:45;200
bond007@gmail.com;szabo@freemail.hu;07:22;988
krisz17@gmail.com;valaki@gmail.com;09:14;798
regina09@citromail.hu;bond007@gmail.com;18:02;1997
pistanagy@gmail.com;petrakis@citromail.hu;08:11;1625
tevehaz@citromail.hu;krisz17@gmail.com;11:35;739
mateka2@citromail.hu;bond007@gmail.com;22:38;1324
tevehaz@citromail.hu;pistanagy@gmail.com;18:51;1405
krisz17@gmail.com;mateka2@citromail.hu;17:22;316
tevehaz@citromail.hu;valaki@gmail.com;19:44;17
valaki@gmail.com;petrakis@citromail.hu;20:31;524
valaki@gmail.com;szabo@freemail.hu;14:57;987
bond007@gmail.com;potyi75@gmail.com;20:14;1753
bela06@gmail.com;valaki@gmail.com;07:47;66
pistanagy@gmail.com;botond3@gmail.com;15:49;840
mateka2@citromail.hu;petrakis@citromail.hu;08:49;1400
mateka2@citromail.hu;misedina@gmail.com;21:06;1646
rita03@freemail.hu;misedina@gmail.com;16:10;1915
krisz17@gmail.com;bond007@gmail.com;22:26;182
regina09@citromail.hu;tevehaz@citromail.hu;13:52;41
krisz17@gmail.com;bela06@gmail.com;20:44;1745
bela06@gmail.com;petrakis@citromail.hu;07:03;1954
potyi75@gmail.com;tevehaz@citromail.hu;19:10;94
potyi75@gmail.com;bond007@gmail.com;21:18;697
regina09@citromail.hu;nemen@freemail.hu;18:16;1544
regina09@citromail.hu;szabo@freemail.hu;12:51;1488
potyi75@gmail.com;tevehaz@citromail.hu;09:26;1265
tevehaz@citromail.hu;rita03@freemail.hu;12:06;1812
rita03@freemail.hu;tevehaz@citromail.hu;13:30;1200
mateka2@citromail.hu;krisz17@gmail.com;06:14;605
krisz17@gmail.com;regina09@citromail.hu;11:02;660
regina09@citromail.hu;pistanagy@gmail.com;23:17;22
valaki@gmail.com;mateka2@citromail.hu;20:31;516
mateka2@citromail.hu;valaki@gmail.com;13:16;218
valaki@gmail.com;bela06@gmail.com;09:37;749
petrakis@citromail.hu;tevehaz@citromail.hu;18:34;133
mateka2@citromail.hu;valaki@gmail.com;21:40;1001
krisz17@gmail.com;mateka2@citromail.hu;09:56;991
petrakis@citromail.hu;nemen@freemail.hu;19:42;1999
pistanagy@gmail.com;botond3@gmail.com;12:57;1505
krisz17@gmail.com;botond3@gmail.com;23:32;41
valaki@gmail.com;rita03@freemail.hu;19:47;530
bond007@gmail.com;teke11@freemail.hu;14:10;598
regina09@citromail.hu;sanyi17@citromail.hu;16:27;87
potyi75@gmail.com;szabo@freemail.hu;10:32;963
regina09@citromail.hu;bela06@gmail.com;19:13;529
potyi75@gmail.com;botond3@gmail.com;06:38;665
bela06@gmail.com;potyi75@gmail.com;20:10;1334
mateka2@citromail.hu;bela06@gmail.com;06:15;542
mateka2@citromail.hu;misedina@gmail.com;13:32;457
krisz17@gmail.com;rita03@freemail.hu;07:01;296
potyi75@gmail.com;sanyi17@citromail.hu;22:52;361
bela06@gmail.com;szabo@freemail.hu;22:04;507
petrakis@citromail.hu;tevehaz@citromail.hu;09:51;560
bela06@gmail.com;teke11@freemail.hu;14:43;50
szabo@freemail.hu;sanyi17@citromail.hu;22:31;1821
tevehaz@citromail.hu;bond007@gmail.com;23:08;1250
pistanagy@gmail.com;krisz17@gmail.com;16:17;1305
misedina@gmail.com;szabo@freemail.hu;21:06;1261
bond007@gmail.com;botond3@gmail.com;06:09;819
tevehaz@citromail.hu;botond3@gmail.com;12:33;1113
nemen@freemail.hu;potyi75@gmail.com;09:34;1091
krisz17@gmail.com;bela06@gmail.com;07:51;1375
petrakis@citromail.hu;rita03@freemail.hu;23:21;990
bond007@gmail.com;nemen@freemail.hu;22:33;880
tevehaz@citromail.hu;valaki@gmail.com;11:43;1752
nemen@freemail.hu;krisz17@gmail.com;19:38;1420
valaki@gmail.com;botond3@gmail.com;20:29;1221
botond3@gmail.com;rita03@freemail.hu;08:32;1934
bond007@gmail.com;sanyi17@citromail.hu;15:19;1548
pistanagy@gmail.com;petrakis@citromail.hu;09:46;1750
tevehaz@citromail.hu;potyi75@gmail.com;12:14;1108
potyi75@gmail.com;szabo@freemail.hu;15:25;674
nemen@freemail.hu;mateka2@citromail.hu;19:23;1846
nemen@freemail.hu;teke11@freemail.hu;11:36;1350
rita03@freemail.hu;potyi75@gmail.com;19:34;698
mateka2@citromail.hu;pistanagy@gmail.com;09:19;1015
teke11@freemail.hu;tevehaz@citromail.hu;07:32;851
botond3@gmail.com;nemen@freemail.hu;18:40;270
valaki@gmail.com;potyi75@gmail.com;21:02;1451
tevehaz@citromail.hu;szabo@freemail.hu;14:30;1280
teke11@freemail.hu;bela06@gmail.com;15:21;1272
misedina@gmail.com;valaki@gmail.com;07:46;556
pistanagy@gmail.com;nemen@freemail.hu;11:16;682
sanyi17@citromail.hu;nemen@freemail.hu;07:43;414
regina09@citromail.hu;bela06@gmail.com;08:01;1176
szabo@freemail.hu;botond3@gmail.com;10:03;1266
nemen@freemail.hu;botond3@gmail.com;13:13;459
sanyi17@citromail.hu;pistanagy@gmail.com;13:38;1274
valaki@gmail.com;regina09@citromail.hu;14:38;1883
pistanagy@gmail.com;misedina@gmail.com;13:56;806
botond3@gmail.com;szabo@freemail.hu;10:29;128
botond3@gmail.com;sanyi17@citromail.hu;09:24;41
bela06@gmail.com;misedina@gmail.com;09:57;75
szabo@freemail.hu;petrakis@citromail.hu;14:44;60
bond007@gmail.com;potyi75@gmail.com;06:19;43
mateka2@citromail.hu;regina09@citromail.hu;06:07;358
potyi75@gmail.com;szabo@freemail.hu;22:07;765
sanyi17@citromail.hu;szabo@freemail.hu;21:47;429
tevehaz@citromail.hu;teke11@freemail.hu;22:26;1550
tevehaz@citromail.hu;botond3@gmail.com;18:47;490
mateka2@citromail.hu;valaki@gmail.com;20:26;125
potyi75@gmail.com;sanyi17@citromail.hu;20:40;1322
misedina@gmail.com;tevehaz@citromail.hu;18:50;709
botond3@gmail.com;rita03@freemail.hu;11:13;441
regina09@citromail.hu;rita03@freemail.hu;07:33;151
bela06@gmail.com;rita03@freemail.hu;22:09;362
sanyi17@citromail.hu;botond3@gmail.com;12:25;1239
regina09@citromail.hu;sanyi17@citromail.hu;10:01;63
botond3@gmail.com;tevehaz@citromail.hu;17:04;1811
nemen@freemail.hu;potyi75@gmail.com;21:17;1599
petrakis@citromail.hu;regina09@citromail.hu;19:04;1438
bond007@gmail.com;rita03@freemail.hu;21:52;814
mateka2@citromail.hu;regina09@citromail.hu;06:55;121
valaki@gmail.com;szabo@freemail.hu;14:47;386
teke11@freemail.hu;teke11@freemail.hu;19:33;640
rita03@freemail.hu;bond007@gmail.com;06:12;1584
misedina@gmail.com;bela06@gmail.com;23:40;46
rita03@freemail.hu;pistanagy@gmail.com;08:27;549
krisz17@gmail.com;petrakis@citromail.hu;13:29;1803
teke11@freemail.hu;tevehaz@citromail.hu;11:30;1431
krisz17@gmail.com;tevehaz@citromail.hu;10:15;1207
pistanagy@gmail.com;misedina@gmail.com;06:30;1773
petrakis@citromail.hu;szabo@freemail.hu;17:05;293
pistanagy@gmail.com;valaki@gmail.com;23:31;353
petrakis@citromail.hu;valaki@gmail.com;17:07;1519
nemen@freemail.hu;petrakis@citromail.hu;06:27;1049
mateka2@citromail.hu;krisz17@gmail.com;12:18;1931
misedina@gmail.com;potyi75@gmail.com;15:46;1961
teke11@freemail.hu;sanyi17@citromail.hu;06:15;1726
bond007@gmail.com;nemen@freemail.hu;14:05;896
valaki@gmail.com;bond007@gmail.com;17:02;853
botond3@gmail.com;pistanagy@gmail.com;09:29;18
bond007@gmail.com;botond3@gmail.com;18:32;1946
tevehaz@citromail.hu;potyi75@gmail.com;17:14;1286
rita03@freemail.hu;bond007@gmail.com;07:08;1695
regina09@citromail.hu;potyi75@gmail.com;20:31;565
mateka2@citromail.hu;petrakis@citromail.hu;07:10;1559
krisz17@gmail.com;botond3@gmail.com;10:59;302
tevehaz@citromail.hu;botond3@gmail.com;21:54;176
petrakis@citromail.hu;regina09@citromail.hu;18:59;976
rita03@freemail.hu;bond007@gmail.com;18:04;955
potyi75@gmail.com;rita03@freemail.hu;14:28;1791
valaki@gmail.com;krisz17@gmail.com;17:09;1686
valaki@gmail.com;mateka2@citromail.hu;21:39;123
pistanagy@gmail.com;potyi75@gmail.com;22:19;1479
misedina@gmail.com;regina09@citromail.hu;07:56;973
misedina@gmail.com;mateka2@citromail.hu;12:26;1868
szabo@freemail.hu;rita03@freemail.hu;22:56;1201
rita03@freemail.hu;teke11@freemail.hu;14:13;324
krisz17@gmail.com;nemen@freemail.hu;16:28;877
tevehaz@citromail.hu;misedina@gmail.com;15:51;207
bond007@gmail.com;rita03@freemail.hu;14:17;1667
pistanagy@gmail.com;petrakis@citromail.hu;22:04;434
bela06@gmail.com;rita03@freemail.hu;15:29;1068
rita03@freemail.hu;valaki@gmail.com;16:33;156
botond3@gmail.com;pistanagy@gmail.com;07:18;977
tevehaz@citromail.hu;botond3@gmail.com;13:21;1719
pistanagy@gmail.com;mateka2@citromail.hu;09:44;1928
petrakis@citromail.hu;rita03@freemail.hu;10:13;1667
rita03@freemail.hu;misedina@gmail.com;23:04;537
nemen@freemail.hu;pistanagy@gmail.com;20:58;633
nemen@freemail.hu;szabo@freemail.hu;20:21;294
mateka2@citromail.hu;krisz17@gmail.com;06:52;16
bela06@gmail.com;regina09@citromail.hu;08:26;77
rita03@freemail.hu;misedina@gmail.com;23:38;141
tevehaz@citromail.hu;botond3@gmail.com;19:26;40
sanyi17@citromail.hu;nemen@freemail.hu;18:07;631
teke11@freemail.hu;tevehaz@citromail.hu;19:19;936
misedina@gmail.com;szabo@freemail.hu;11:56;510
misedina@gmail.com;nemen@freemail.hu;21:30;1935
rita03@freemail.hu;petrakis@citromail.hu;12:28;320
nemen@freemail.hu;bela06@gmail.com;19:28;250
nemen@freemail.hu;teke11@freemail.hu;15:57;982
valaki@gmail.com;teke11@freemail.hu;15:40;1479
nemen@freemail.hu;bela06@gmail.com;23:44;394
regina09@citromail.hu;tevehaz@citromail.hu;06:53;598
misedina@gmail.com;regina09@citromail.hu;18:48;360
mateka2@citromail.hu;valaki@gmail.com;21:14;1234
botond3@gmail.com;teke11@freemail.hu;16:43;504
botond3@gmail.com;valaki@gmail.com;18:25;233
bond007@gmail.com;misedina@gmail.com;07:01;1016
misedina@gmail.com;mateka2@citromail.hu;10:04;638
pistanagy@gmail.com;mateka2@citromail.hu;08:50;329
botond3@gmail.com;krisz17@gmail.com;13:15;722
tevehaz@citromail.hu;potyi75@gmail.com;09:21;280
petrakis@citromail.hu;botond3@gmail.com;18:23;386
potyi75@gmail.com;petrakis@citromail.hu;12:46;1810
szabo@freemail.hu;sanyi17@citromail.hu;19:08;73
misedina@gmail.com;nemen@freemail.hu;18:07;1891
petrakis@citromail.hu;valaki@gmail.com;06:57;1940
szabo@freemail.hu;mateka2@citromail.hu;12:49;1094
szabo@freemail.hu;teke11@freemail.hu;12:39;1356
petrakis@citromail.hu;botond3@gmail.com;16:11;793
tevehaz@citromail.hu;botond3@gmail.com;11:50;738
petrakis@citromail.hu;sanyi17@citromail.hu;21:18;1310
tevehaz@citromail.hu;regina09@citromail.hu;08:07;308
potyi75@gmail.com;bela06@gmail.com;22:12;963
petrakis@citromail.hu;rita03@freemail.hu;07:55;107
szabo@freemail.hu;bela06@gmail.com;15:29;1086
teke11@freemail.hu;regina09@citromail.hu;08:10;931
pistanagy@gmail.com;petrakis@citromail.hu;17:39;1488
rita03@freemail.hu;bond007@gmail.com;21:12;1684
nemen@freemail.hu;bond007@gmail.com;08:32;1844
regina09@citromail.hu;petrakis@citromail.hu;20:04;505
petrakis@citromail.hu;tevehaz@citromail.hu;18:13;1982
sanyi17@citromail.hu;szabo@freemail.hu;07:10;918
sanyi17@citromail.hu;bela06@gmail.com;09:31;1113
tevehaz@citromail.hu;szabo@freemail.hu;10:57;738
bela06@gmail.com;mateka2@citromail.hu;20:29;1461
botond3@gmail.com;bond007@gmail.com;16:33;235
regina09@citromail.hu;bond007@gmail.com;18:29;1255
sanyi17@citromail.hu;krisz17@gmail.com;15:08;708
szabo@freemail.hu;nemen@freemail.hu;19:19;1558
regina09@citromail.hu;teke11@freemail.hu;18:45;181
sanyi17@citromail.hu;tevehaz@citromail.hu;20:10;1849
potyi75@gmail.com;szabo@freemail.hu;14:43;751
teke11@freemail.hu;valaki@gmail.com;18:50;1643
teke11@freemail.hu;tevehaz@citromail.hu;12:31;1351
szabo@freemail.hu;petrakis@citromail.hu;11:37;1858
teke11@freemail.hu;bela06@gmail.com;20:02;418
bond007@gmail.com;pistanagy@gmail.com;11:59;1869
rita03@freemail.hu;regina09@citromail.hu;16:58;1250
sanyi17@citromail.hu;szabo@freemail.hu;06:12;1078
bond007@gmail.com;botond3@gmail.com;15:39;1987
tevehaz@citromail.hu;pistanagy@gmail.com;09:46;1696
rita03@freemail.hu;regina09@citromail.hu;18:47;1490
rita03@freemail.hu;misedina@gmail.com;17:22;232
tevehaz@citromail.hu;bond007@gmail.com;19:28;1750
teke11@freemail.hu;petrakis@citromail.hu;08:03;1689
krisz17@gmail.com;tevehaz@citromail.hu;09:55;19
misedina@gmail.com;misedina@gmail.com;16:29;1683
valaki@gmail.com;nemen@freemail.hu;09:51;1497
nemen@freemail.hu;rita03@freemail.hu;18:11;1439
regina09@citromail.hu;petrakis@citromail.hu;09:10;561
misedina@gmail.com;petrakis@citromail.hu;14:34;1843
tevehaz@citromail.hu;szabo@freemail.hu;17:07;1008
bond007@gmail.com;potyi75@gmail.com;06:51;207
petrakis@citromail.hu;bela06@gmail.com;13:28;1359
nemen@freemail.hu;mateka2@citromail.hu;21:49;198
rita03@freemail.hu;krisz17@gmail.com;16:14;1374
rita03@freemail.hu;nemen@freemail.hu;14:09;1220
rita03@freemail.hu;botond3@gmail.com;11:37;883
rita03@freemail.hu;bond007@gmail.com;23:07;393
nemen@freemail.hu;botond3@gmail.com;20:55;703
bela06@gmail.com;misedina@gmail.com;07:09;125
mateka2@citromail.hu;teke11@freemail.hu;08:41;23
tevehaz@citromail.hu;misedina@gmail.com;14:21;137
botond3@gmail.com;teke11@freemail.hu;21:53;1144
petrakis@citromail.hu;krisz17@gmail.com;13:41;607
rita03@freemail.hu;pistanagy@gmail.com;07:20;974
pistanagy@gmail.com;sanyi17@citromail.hu;19:32;995
botond3@gmail.com;bela06@gmail.com;23:07;1369
mateka2@citromail.hu;petrakis@citromail.hu;07:37;189
bela06@gmail.com;petrakis@citromail.hu;11:33;749
valaki@gmail.com;petrakis@citromail.hu;10:53;1016
tevehaz@citromail.hu;teke11@freemail.hu;22:22;1752
nemen@freemail.hu;bela06@gmail.com;22:58;207
sanyi17@citromail.hu;bela06@gmail.com;18:57;32
krisz17@gmail.com;botond3@gmail.com;14:49;1422
szabo@freemail.hu;misedina@gmail.com;23:44;440
mateka2@citromail.hu;bela06@gmail.com;16:43;1426
botond3@gmail.com;misedina@gmail.com;21:54;1714
rita03@freemail.hu;szabo@freemail.hu;21:18;1729
mateka2@citromail.hu;botond3@gmail.com;07:30;1567
tevehaz@citromail.hu;petrakis@citromail.hu;21:13;86
misedina@gmail.com;sanyi17@citromail.hu;23:28;1657
regina09@citromail.hu;szabo@freemail.hu;10:19;1134
rita03@freemail.hu;sanyi17@citromail.hu;09:24;310
botond3@gmail.com;bela06@gmail.com;16:19;1355
pistanagy@gmail.com;petrakis@citromail.hu;19:25;1291
regina09@citromail.hu;potyi75@gmail.com;18:10;920
valaki@gmail.com;bond007@gmail.com;17:26;884
petrakis@citromail.hu;rita03@freemail.hu;14:09;17
sanyi17@citromail.hu;petrakis@citromail.hu;06:21;887
pistanagy@gmail.com;tevehaz@citromail.hu;22:24;867
nemen@freemail.hu;botond3@gmail.com;17:30;697
valaki@gmail.com;krisz17@gmail.com;16:05;133
botond3@gmail.com;krisz17@gmail.com;08:23;769
misedina@gmail.com;rita03@freemail.hu;20:47;1871
tevehaz@citromail.hu;potyi75@gmail.com;11:15;234
botond3@gmail.com;potyi75@gmail.com;21:47;1615
petrakis@citromail.hu;szabo@freemail.hu;11:30;1606
tevehaz@citromail.hu;botond3@gmail.com;07:10;1476
bond007@gmail.com;teke11@freemail.hu;17:02;1411
mateka2@citromail.hu;petrakis@citromail.hu;10:36;1103
valaki@gmail.com;pistanagy@gmail.com;18:13;300
tevehaz@citromail.hu;mateka2@citromail.hu;17:36;1167
krisz17@gmail.com;mateka2@citromail.hu;20:28;1397
regina09@citromail.hu;teke11@freemail.hu;13:43;1223
nemen@freemail.hu;potyi75@gmail.com;17:53;495
petrakis@citromail.hu;potyi75@gmail.com;22:27;982
krisz17@gmail.com;bela06@gmail.com;08:22;1584
sanyi17@citromail.hu;potyi75@gmail.com;06:19;1999
rita03@freemail.hu;mateka2@citromail.hu;13:15;845
botond3@gmail.com;sanyi17@citromail.hu;23:52;440
bond007@gmail.com;regina09@citromail.hu;20:29;1559
petrakis@citromail.hu;pistanagy@gmail.com;19:57;1789
bond007@gmail.com;botond3@gmail.com;10:56;1434
valaki@gmail.com;krisz17@gmail.com;11:29;506
krisz17@gmail.com;sanyi17@citromail.hu;06:37;1892
regina09@citromail.hu;nemen@freemail.hu;20:31;595
valaki@gmail.com;bela06@gmail.com;16:07;466
petrakis@citromail.hu;bela06@gmail.com;18:30;1688
bond007@gmail.com;potyi75@gmail.com;13:41;422
mateka2@citromail.hu;potyi75@gmail.com;10:44;128
regina09@citromail.hu;mateka2@citromail.hu;20:18;1045
potyi75@gmail.com;krisz17@gmail.com;11:21;318
botond3@gmail.com;mateka2@citromail.hu;19:03;1808
pistanagy@gmail.com;szabo@freemail.hu;22:23;1829
valaki@gmail.com;tevehaz@citromail.hu;18:15;1122
potyi75@gmail.com;rita03@freemail.hu;10:32;617
bela06@gmail.com;teke11@freemail.hu;06:37;55
sanyi17@citromail.hu;regina09@citromail.hu;20:06;950
rita03@freemail.hu;misedina@gmail.com;09:36;1835
potyi75@gmail.com;misedina@gmail.com;19:42;960
regina09@citromail.hu;rita03@freemail.hu;06:10;665
potyi75@gmail.com;teke11@freemail.hu;11:48;542
bela06@gmail.com;tevehaz@citromail.hu;16:08;1508
teke11@freemail.hu;bond007@gmail.com;22:29;1125
szabo@freemail.hu;bond007@gmail.com;07:34;481
petrakis@citromail.hu;nemen@freemail.hu;14:55;1600
nemen@freemail.hu;potyi75@gmail.com;09:37;418
bond007@gmail.com;petrakis@citromail.hu;07:08;1636
bond007@gmail.com;petrakis@citromail.hu;08:11;1626
bela06@gmail.com;bond007@gmail.com;16:33;1853
teke11@freemail.hu;bela06@gmail.com;20:36;466
potyi75@gmail.com;mateka2@citromail.hu;20:54;191
pistanagy@gmail.com;nemen@freemail.hu;16:46;165
potyi75@gmail.com;mateka2@citromail.hu;14:03;644
botond3@gmail.com;potyi75@gmail.com;11:51;1988
nemen@freemail.hu;teke11@freemail.hu;21:10;538
nemen@freemail.hu;mateka2@citromail.hu;07:36;1560
potyi75@gmail.com;bond007@gmail.com;08:43;1730
potyi75@gmail.com;mateka2@citromail.hu;08:33;769
nemen@freemail.hu;valaki@gmail.com;19:12;1386
regina09@citromail.hu;valaki@gmail.com;11:12;1309
rita03@freemail.hu;potyi75@gmail.com;17:49;641
bela06@gmail.com;botond3@gmail.com;16:25;1909
bela06@gmail.com;nemen@freemail.hu;15:57;506
sanyi17@citromail.hu;potyi75@gmail.com;10:19;553
botond3@gmail.com;teke11@freemail.hu;14:57;36
szabo@freemail.hu;krisz17@gmail.com;21:45;375
pistanagy@gmail.com;bond007@gmail.com;06:35;1486
mateka2@citromail.hu;bela06@gmail.com;07:09;1110
teke11@freemail.hu;sanyi17@citromail.hu;10:17;1680
bond007@gmail.com;krisz17@gmail.com;13:25;1338
regina09@citromail.hu;potyi75@gmail.com;17:41;1573
tevehaz@citromail.hu;regina09@citromail.hu;17:04;1567
nemen@freemail.hu;petrakis@citromail.hu;20:52;1048
valaki@gmail.com;szabo@freemail.hu;18:10;629
botond3@gmail.com;pistanagy@gmail.com;13:57;1843
szabo@freemail.hu;mateka2@citromail.hu;11:27;42
teke11@freemail.hu;misedina@gmail.com;16:54;940
tevehaz@citromail.hu;szabo@freemail.hu;08:47;731
pistanagy@gmail.com;tevehaz@citromail.hu;19:13;834
petrakis@citromail.hu;rita03@freemail.hu;23:43;765
bond007@gmail.com;regina09@citromail.hu;11:15;861
tevehaz@citromail.hu;nemen@freemail.hu;07:44;1894
potyi75@gmail.com;szabo@freemail.hu;20:59;1281
misedina@gmail.com;szabo@freemail.hu;13:30;438
misedina@gmail.com;teke11@freemail.hu;11:59;434
regina09@citromail.hu;valaki@gmail.com;15:58;1976
bond007@gmail.com;mateka2@citromail.hu;06:40;1990
szabo@freemail.hu;botond3@gmail.com;08:42;1550
tevehaz@citromail.hu;valaki@gmail.com;16:26;1693
petrakis@citromail.hu;bond007@gmail.com;21:18;241
petrakis@citromail.hu;mateka2@citromail.hu;13:55;1455
rita03@freemail.hu;krisz17@gmail.com;14:55;1290
krisz17@gmail.com;tevehaz@citromail.hu;21:25;729
regina09@citromail.hu;teke11@freemail.hu;15:01;1144
botond3@gmail.com;mateka2@citromail.hu;18:04;568
bela06@gmail.com;mateka2@citromail.hu;18:41;1807
valaki@gmail.com;bela06@gmail.com;12:41;209
bela06@gmail.com;szabo@freemail.hu;18:46;1533
valaki@gmail.com;teke11@freemail.hu;14:59;69
petrakis@citromail.hu;pistanagy@gmail.com;12:09;369
regina09@citromail.hu;tevehaz@citromail.hu;21:30;1992
rita03@freemail.hu;sanyi17@citromail.hu;07:39;1530
teke11@freemail.hu;valaki@gmail.com;21:42;116
tevehaz@citromail.hu;sanyi17@citromail.hu;23:41;327
rita03@freemail.hu;petrakis@citromail.hu;12:44;670
rita03@freemail.hu;bond007@gmail.com;08:28;517
sanyi17@citromail.hu;krisz17@gmail.com;06:54;809
botond3@gmail.com;potyi75@gmail.com;18:07;228
petrakis@citromail.hu;sanyi17@citromail.hu;12:37;1539
sanyi17@citromail.hu;valaki@gmail.com;06:11;1682
regina09@citromail.hu;teke11@freemail.hu;08:24;818
szabo@freemail.hu;sanyi17@citromail.hu;09:20;942
pistanagy@gmail.com;petrakis@citromail.hu;12:32;105
bela06@gmail.com;szabo@freemail.hu;17:12;1374
rita03@freemail.hu;misedina@gmail.com;06:11;107
misedina@gmail.com;bela06@gmail.com;22:47;972
potyi75@gmail.com;krisz17@gmail.com;15:27;814
nemen@freemail.hu;botond3@gmail.com;16:09;1310
misedina@gmail.com;botond3@gmail.com;06:12;1389
botond3@gmail.com;krisz17@gmail.com;12:37;252
sanyi17@citromail.hu;nemen@freemail.hu;20:15;1286
bond007@gmail.com;teke11@freemail.hu;09:46;182
mateka2@citromail.hu;pistanagy@gmail.com;10:55;51
bela06@gmail.com;petrakis@citromail.hu;10:06;1004
rita03@freemail.hu;bela06@gmail.com;15:24;1437
rita03@freemail.hu;sanyi17@citromail.hu;16:47;1721
krisz17@gmail.com;botond3@gmail.com;21:35;1381
potyi75@gmail.com;sanyi17@citromail.hu;14:55;211
potyi75@gmail.com;pistanagy@gmail.com;08:23;347
mateka2@citromail.hu;sanyi17@citromail.hu;12:24;569
petrakis@citromail.hu;regina09@citromail.hu;19:01;579
teke11@freemail.hu;petrakis@citromail.hu;22:38;705
rita03@freemail.hu;bela06@gmail.com;11:07;1365
bond007@gmail.com;pistanagy@gmail.com;15:34;407
misedina@gmail.com;bond007@gmail.com;07:17;48
tevehaz@citromail.hu;potyi75@gmail.com;17:19;313
nemen@freemail.hu;szabo@freemail.hu;20:03;233
tevehaz@citromail.hu;petrakis@citromail.hu;19:50;1316
regina09@citromail.hu;rita03@freemail.hu;12:17;1957
sanyi17@citromail.hu;misedina@gmail.com;09:50;1055
misedina@gmail.com;szabo@freemail.hu;20:06;1415
krisz17@gmail.com;teke11@freemail.hu;08:31;1459
botond3@gmail.com;tevehaz@citromail.hu;19:29;1548
regina09@citromail.hu;nemen@freemail.hu;06:58;747
potyi75@gmail.com;tevehaz@citromail.hu;14:52;426
potyi75@gmail.com;sanyi17@citromail.hu;17:42;436
bela06@gmail.com;bond007@gmail.com;12:01;84
mateka2@citromail.hu;valaki@gmail.com;18:46;160
krisz17@gmail.com;bond007@gmail.com;14:18;1264
krisz17@gmail.com;pistanagy@gmail.com;19:59;1626
potyi75@gmail.com;bond007@gmail.com;16:47;1701
valaki@gmail.com;pistanagy@gmail.com;21:20;1671
regina09@citromail.hu;szabo@freemail.hu;15:02;390
sanyi17@citromail.hu;botond3@gmail.com;19:38;48
regina09@citromail.hu;bond007@gmail.com;19:24;1831
rita03@freemail.hu;misedina@gmail.com;21:45;1943
bela06@gmail.com;potyi75@gmail.com;22:05;194
rita03@freemail.hu;petrakis@citromail.hu;09:07;327
sanyi17@citromail.hu;bond007@gmail.com;15:59;1056
pistanagy@gmail.com;krisz17@gmail.com;12:11;1104
pistanagy@gmail.com;potyi75@gmail.com;21:17;1433
petrakis@citromail.hu;pistanagy@gmail.com;07:19;383
botond3@gmail.com;petrakis@citromail.hu;18:49;427
nemen@freemail.hu;pistanagy@gmail.com;22:12;1277
misedina@gmail.com;regina09@citromail.hu;12:17;324
bond007@gmail.com;teke11@freemail.hu;20:21;909
teke11@freemail.hu;bond007@gmail.com;06:35;893
sanyi17@citromail.hu;regina09@citromail.hu;15:42;984
valaki@gmail.com;nemen@freemail.hu;22:23;1455
nemen@freemail.hu;tevehaz@citromail.hu;14:39;1037
sanyi17@citromail.hu;bond007@gmail.com;17:37;217
pistanagy@gmail.com;szabo@freemail.hu;20:23;1077
bond007@gmail.com;valaki@gmail.com;06:14;644
valaki@gmail.com;potyi75@gmail.com;09:10;728
sanyi17@citromail.hu;teke11@freemail.hu;08:41;1518
pistanagy@gmail.com;sanyi17@citromail.hu;23:51;954
nemen@freemail.hu;mateka2@citromail.hu;07:17;1689
nemen@freemail.hu;valaki@gmail.com;17:38;106
potyi75@gmail.com;mateka2@citromail.hu;06:15;1016
mateka2@citromail.hu;sanyi17@citromail.hu;11:57;646
regina09@citromail.hu;sanyi17@citromail.hu;21:29;579
teke11@freemail.hu;tevehaz@citromail.hu;12:57;1796
potyi75@gmail.com;petrakis@citromail.hu;06:46;553
mateka2@citromail.hu;misedina@gmail.com;22:21;1444
teke11@freemail.hu;rita03@freemail.hu;21:43;235
petrakis@citromail.hu;szabo@freemail.hu;17:32;1989
pistanagy@gmail.com;nemen@freemail.hu;07:21;237
bela06@gmail.com;bond007@gmail.com;10:58;449
krisz17@gmail.com;petrakis@citromail.hu;09:44;589
valaki@gmail.com;botond3@gmail.com;18:34;1246
misedina@gmail.com;petrakis@citromail.hu;23:43;1028
potyi75@gmail.com;krisz17@gmail.com;12:03;665
bond007@gmail.com;nemen@freemail.hu;18:42;935
tevehaz@citromail.hu;regina09@citromail.hu;08:05;1191
krisz17@gmail.com;szabo@freemail.hu;06:51;1502
szabo@freemail.hu;bela06@gmail.com;09:42;707
pistanagy@gmail.com;potyi75@gmail.com;19:53;1431
nemen@freemail.hu;pistanagy@gmail.com;19:51;1888
valaki@gmail.com;nemen@freemail.hu;21:20;1791
valaki@gmail.com;pistanagy@gmail.com;16:19;1396
potyi75@gmail.com;sanyi17@citromail.hu;17:10;1824
mateka2@citromail.hu;botond3@gmail.com;14:57;518
potyi75@gmail.com;teke11@freemail.hu;17:28;983
teke11@freemail.hu;potyi75@gmail.com;16:26;251
misedina@gmail.com;bond007@gmail.com;06:20;494
krisz17@gmail.com;misedina@gmail.com;09:25;1382
mateka2@citromail.hu;tevehaz@citromail.hu;14:11;24
szabo@freemail.hu;nemen@freemail.hu;09:20;1686
potyi75@gmail.com;pistanagy@gmail.com;20:52;33
mateka2@citromail.hu;pistanagy@gmail.com;16:49;555
teke11@freemail.hu;petrakis@citromail.hu;13:47;1263
rita03@freemail.hu;regina09@citromail.hu;06:58;245
botond3@gmail.com;regina09@citromail.hu;17:53;1241
krisz17@gmail.com;mateka2@citromail.hu;13:34;1060
bond007@gmail.com;szabo@freemail.hu;11:22;1812
nemen@freemail.hu;regina09@citromail.hu;22:02;1359
krisz17@gmail.com;tevehaz@citromail.hu;18:39;757
sanyi17@citromail.hu;mateka2@citromail.hu;20:41;1017
bela06@gmail.com;nemen@freemail.hu;15:11;1217
petrakis@citromail.hu;krisz17@gmail.com;23:47;242
sanyi17@citromail.hu;regina09@citromail.hu;09:42;1157
pistanagy@gmail.com;bela06@gmail.com;19:28;971
tevehaz@citromail.hu;pistanagy@gmail.com;22:31;1122
regina09@citromail.hu;petrakis@citromail.hu;09:54;184
krisz17@gmail.com;valaki@gmail.com;10:55;728
regina09@citromail.hu;misedina@gmail.com;23:38;423
petrakis@citromail.hu;bela06@gmail.com;19:01;1212
mateka2@citromail.hu;krisz17@gmail.com;09:14;1519
sanyi17@citromail.hu;botond3@gmail.com;23:31;1217
petrakis@citromail.hu;potyi75@gmail.com;06:49;375
potyi75@gmail.com;szabo@freemail.hu;10:57;260
rita03@freemail.hu;bond007@gmail.com;18:32;225
regina09@citromail.hu;sanyi17@citromail.hu;21:04;444
misedina@gmail.com;regina09@citromail.hu;17:38;378
bela06@gmail.com;rita03@freemail.hu;10:39;362
petrakis@citromail.hu;krisz17@gmail.com;06:03;702
regina09@citromail.hu;nemen@freemail.hu;06:59;204
rita03@freemail.hu;petrakis@citromail.hu;16:46;1381
misedina@gmail.com;petrakis@citromail.hu;13:10;1086
pistanagy@gmail.com;rita03@freemail.hu;19:03;626
regina09@citromail.hu;nemen@freemail.hu;18:56;858
bela06@gmail.com;bond007@gmail.com;07:32;1543
bela06@gmail.com;petrakis@citromail.hu;19:10;1033
valaki@gmail.com;petrakis@citromail.hu;19:30;1902
botond3@gmail.com;krisz17@gmail.com;15:13;1230
szabo@freemail.hu;pistanagy@gmail.com;16:35;1679
sanyi17@citromail.hu;misedina@gmail.com;21:52;1002
bond007@gmail.com;petrakis@citromail.hu;21:20;64
valaki@gmail.com;pistanagy@gmail.com;13:08;1690
pistanagy@gmail.com;teke11@freemail.hu;19:51;1318
bond007@gmail.com;pistanagy@gmail.com;17:46;728
tevehaz@citromail.hu;valaki@gmail.com;22:44;1698
sanyi17@citromail.hu;regina09@citromail.hu;20:46;16
nemen@freemail.hu;potyi75@gmail.com;13:04;1148
teke11@freemail.hu;valaki@gmail.com;09:49;1796
nemen@freemail.hu;misedina@gmail.com;17:05;1017
rita03@freemail.hu;krisz17@gmail.com;13:49;246
teke11@freemail.hu;petrakis@citromail.hu;23:09;207
botond3@gmail.com;szabo@freemail.hu;18:16;1482
valaki@gmail.com;krisz17@gmail.com;15:10;608
rita03@freemail.hu;valaki@gmail.com;17:32;678
krisz17@gmail.com;misedina@gmail.com;23:51;148
bond007@gmail.com;bela06@gmail.com;16:20;1350
valaki@gmail.com;szabo@freemail.hu;08:42;1152
teke11@freemail.hu;sanyi17@citromail.hu;20:39;158
petrakis@citromail.hu;pistanagy@gmail.com;18:54;1262
petrakis@citromail.hu;valaki@gmail.com;12:06;51
sanyi17@citromail.hu;pistanagy@gmail.com;21:38;1550
krisz17@gmail.com;nemen@freemail.hu;14:18;420
sanyi17@citromail.hu;rita03@freemail.hu;14:59;1030
petrakis@citromail.hu;regina09@citromail.hu;17:38;595
mateka2@citromail.hu;tevehaz@citromail.hu;09:05;215
valaki@gmail.com;teke11@freemail.hu;20:27;189
bond007@gmail.com;mateka2@citromail.hu;22:18;430
szabo@freemail.hu;valaki@gmail.com;14:44;1187
rita03@freemail.hu;bela06@gmail.com;15:41;122
botond3@gmail.com;sanyi17@citromail.hu;17:39;1988
bond007@gmail.com;regina09@citromail.hu;10:18;1405
pistanagy@gmail.com;tevehaz@citromail.hu;11:44;1924
pistanagy@gmail.com;szabo@freemail.hu;10:08;1213
szabo@freemail.hu;nemen@freemail.hu;09:33;1712
bela06@gmail.com;petrakis@citromail.hu;19:51;1166
misedina@gmail.com;botond3@gmail.com;08:28;1578
teke11@freemail.hu;petrakis@citromail.hu;11:14;562
valaki@gmail.com;sanyi17@citromail.hu;21:15;1226
petrakis@citromail.hu;szabo@freemail.hu;20:54;835
krisz17@gmail.com;tevehaz@citromail.hu;07:35;1178
valaki@gmail.com;petrakis@citromail.hu;19:05;64
potyi75@gmail.com;regina09@citromail.hu;13:33;1947
potyi75@gmail.com;regina09@citromail.hu;23:06;1821
szabo@freemail.hu;petrakis@citromail.hu;12:50;189
bond007@gmail.com;rita03@freemail.hu;09:06;1100
sanyi17@citromail.hu;pistanagy@gmail.com;11:52;571
mateka2@citromail.hu;bela06@gmail.com;21:28;1120
valaki@gmail.com;teke11@freemail.hu;22:40;28
nemen@freemail.hu;krisz17@gmail.com;08:01;282
regina09@citromail.hu;krisz17@gmail.com;23:21;1053
tevehaz@citromail.hu;misedina@gmail.com;16:54;1733
potyi75@gmail.com;bond007@gmail.com;22:35;719
potyi75@gmail.com;valaki@gmail.com;09:58;194
rita03@freemail.hu;sanyi17@citromail.hu;09:47;1068
rita03@freemail.hu;petrakis@citromail.hu;17:16;1325
valaki@gmail.com;szabo@freemail.hu;15:37;1608
sanyi17@citromail.hu;nemen@freemail.hu;11:44;1376
regina09@citromail.hu;mateka2@citromail.hu;23:19;676
botond3@gmail.com;potyi75@gmail.com;19:59;722
teke11@freemail.hu;sanyi17@citromail.hu;23:04;561
botond3@gmail.com;nemen@freemail.hu;15:03;743
misedina@gmail.com;valaki@gmail.com;18:46;312
bond007@gmail.com;misedina@gmail.com;17:06;1463
regina09@citromail.hu;sanyi17@citromail.hu;18:09;625
misedina@gmail.com;krisz17@gmail.com;22:56;1760
pistanagy@gmail.com;petrakis@citromail.hu;11:27;1926
krisz17@gmail.com;bela06@gmail.com;09:32;258
potyi75@gmail.com;botond3@gmail.com;21:17;729
tevehaz@citromail.hu;rita03@freemail.hu;18:26;1061
misedina@gmail.com;tevehaz@citromail.hu;20:22;771
botond3@gmail.com;bela06@gmail.com;11:22;309
regina09@citromail.hu;bela06@gmail.com;21:05;1970
nemen@freemail.hu;szabo@freemail.hu;23:30;1430
regina09@citromail.hu;krisz17@gmail.com;09:52;249
regina09@citromail.hu;potyi75@gmail.com;21:24;296
nemen@freemail.hu;bela06@gmail.com;08:37;81
tevehaz@citromail.hu;valaki@gmail.com;10:27;167
teke11@freemail.hu;szabo@freemail.hu;15:07;1140
potyi75@gmail.com;rita03@freemail.hu;13:01;546
valaki@gmail.com;regina09@citromail.hu;18:58;203
szabo@freemail.hu;nemen@freemail.hu;09:41;27
valaki@gmail.com;regina09@citromail.hu;08:09;1973
botond3@gmail.com;teke11@freemail.hu;07:39;622
valaki@gmail.com;bela06@gmail.com;13:50;167
krisz17@gmail.com;valaki@gmail.com;14:57;1074
sanyi17@citromail.hu;valaki@gmail.com;09:12;1112
petrakis@citromail.hu;regina09@citromail.hu;07:02;32
bela06@gmail.com;szabo@freemail.hu;11:35;606
szabo@freemail.hu;tevehaz@citromail.hu;21:37;1865
sanyi17@citromail.hu;krisz17@gmail.com;17:10;218
regina09@citromail.hu;valaki@gmail.com;15:36;68
petrakis@citromail.hu;pistanagy@gmail.com;06:59;175
szabo@freemail.hu;potyi75@gmail.com;08:54;371
regina09@citromail.hu;potyi75@gmail.com;14:06;1495
bela06@gmail.com;botond3@gmail.com;19:55;1334
rita03@freemail.hu;petrakis@citromail.hu;10:07;1062
szabo@freemail.hu;petrakis@citromail.hu;19:28;1202
potyi75@gmail.com;petrakis@citromail.hu;21:40;236
teke11@freemail.hu;bond007@gmail.com;07:15;953
bela06@gmail.com;szabo@freemail.hu;13:16;803
teke11@freemail.hu;tevehaz@citromail.hu;08:33;1881
mateka2@citromail.hu;krisz17@gmail.com;20:47;1700
teke11@freemail.hu;botond3@gmail.com;08:57;1087
bond007@gmail.com;szabo@freemail.hu;11:50;132
bond007@gmail.com;rita03@freemail.hu;09:58;538
bela06@gmail.com;misedina@gmail.com;22:07;1938
misedina@gmail.com;bela06@gmail.com;13:17;784
nemen@freemail.hu;botond3@gmail.com;18:38;680
rita03@freemail.hu;pistanagy@gmail.com;14:41;512
tevehaz@citromail.hu;botond3@gmail.com;13:25;1145
sanyi17@citromail.hu;rita03@freemail.hu;08:17;1606
tevehaz@citromail.hu;regina09@citromail.hu;14:16;1661
bond007@gmail.com;mateka2@citromail.hu;10:31;796
botond3@gmail.com;teke11@freemail.hu;23:50;1530
botond3@gmail.com;bela06@gmail.com;17:29;517
valaki@gmail.com;petrakis@citromail.hu;16:59;54
bela06@gmail.com;potyi75@gmail.com;08:17;1464
bela06@gmail.com;mateka2@citromail.hu;12:20;613
mateka2@citromail.hu;krisz17@gmail.com;18:26;1759
regina09@citromail.hu;misedina@gmail.com;23:44;1387
krisz17@gmail.com;bela06@gmail.com;13:06;1503
szabo@freemail.hu;teke11@freemail.hu;11:54;55
mateka2@citromail.hu;teke11@freemail.hu;10:46;1042
valaki@gmail.com;mateka2@citromail.hu;19:14;1311
petrakis@citromail.hu;potyi75@gmail.com;13:39;1399
botond3@gmail.com;bond007@gmail.com;20:13;76
pistanagy@gmail.com;nemen@freemail.hu;17:20;1103
szabo@freemail.hu;pistanagy@gmail.com;21:42;1639
bela06@gmail.com;tevehaz@citromail.hu;19:40;1542
krisz17@gmail.com;mateka2@citromail.hu;12:12;1154
potyi75@gmail.com;teke11@freemail.hu;11:06;1777
tevehaz@citromail.hu;botond3@gmail.com;08:51;1345
mateka2@citromail.hu;szabo@freemail.hu;12:49;810
regina09@citromail.hu;misedina@gmail.com;18:57;1396
bela06@gmail.com;petrakis@citromail.hu;17:07;905
tevehaz@citromail.hu;bond007@gmail.com;23:27;1046
bela06@gmail.com;krisz17@gmail.com;21:46;1357
petrakis@citromail.hu;regina09@citromail.hu;19:15;89
nemen@freemail.hu;krisz17@gmail.com;22:05;1574
botond3@gmail.com;tevehaz@citromail.hu;12:34;930
valaki@gmail.com;misedina@gmail.com;16:10;1952
pistanagy@gmail.com;mateka2@citromail.hu;19:03;266
mateka2@citromail.hu;tevehaz@citromail.hu;17:56;1464
petrakis@citromail.hu;regina09@citromail.hu;09:22;108
misedina@gmail.com;tevehaz@citromail.hu;13:58;1813
mateka2@citromail.hu;teke11@freemail.hu;14:45;325
botond3@gmail.com;bond007@gmail.com;14:40;125
sanyi17@citromail.hu;bond007@gmail.com;12:40;1391
tevehaz@citromail.hu;potyi75@gmail.com;12:12;1194
botond3@gmail.com;sanyi17@citromail.hu;20:28;1873
bond007@gmail.com;petrakis@citromail.hu;21:13;226
teke11@freemail.hu;regina09@citromail.hu;22:02;168
mateka2@citromail.hu;rita03@freemail.hu;08:35;1808
botond3@gmail.com;misedina@gmail.com;06:19;415
teke11@freemail.hu;sanyi17@citromail.hu;08:10;160
bond007@gmail.com;sanyi17@citromail.hu;15:14;110
mateka2@citromail.hu;potyi75@gmail.com;12:08;1596
petrakis@citromail.hu;mateka2@citromail.hu;20:43;1966
tevehaz@citromail.hu;szabo@freemail.hu;21:38;1580
regina09@citromail.hu;valaki@gmail.com;22:29;1134
bela06@gmail.com;bond007@gmail.com;16:04;1987
teke11@freemail.hu;botond3@gmail.com;16:42;1176
teke11@freemail.hu;pistanagy@gmail.com;09:36;1258
botond3@gmail.com;valaki@gmail.com;08:18;1408
misedina@gmail.com;potyi75@gmail.com;20:18;1578
bela06@gmail.com;tevehaz@citromail.hu;07:26;1432
rita03@freemail.hu;potyi75@gmail.com;17:51;404
potyi75@gmail.com;bela06@gmail.com;20:08;1221
tevehaz@citromail.hu;valaki@gmail.com;21:20;1900
botond3@gmail.com;bond007@gmail.com;13:07;1493
bela06@gmail.com;rita03@freemail.hu;07:29;1289
szabo@freemail.hu;sanyi17@citromail.hu;20:42;862
tevehaz@citromail.hu;teke11@freemail.hu;20:34;1240
potyi75@gmail.com;botond3@gmail.com;17:15;388
krisz17@gmail.com;mateka2@citromail.hu;22:53;1384
krisz17@gmail.com;nemen@freemail.hu;10:34;923
rita03@freemail.hu;regina09@citromail.hu;23:30;1637
tevehaz@citromail.hu;pistanagy@gmail.com;11:08;236
regina09@citromail.hu;petrakis@citromail.hu;19:32;103
nemen@freemail.hu;mateka2@citromail.hu;06:43;1191
valaki@gmail.com;potyi75@gmail.com;21:27;17
misedina@gmail.com;bond007@gmail.com;23:57;838
bond007@gmail.com;teke11@freemail.hu;22:18;498
regina09@citromail.hu;botond3@gmail.com;17:20;1219
szabo@freemail.hu;botond3@gmail.com;13:47;23
rita03@freemail.hu;regina09@citromail.hu;06:24;1318
botond3@gmail.com;valaki@gmail.com;14:38;474
sanyi17@citromail.hu;botond3@gmail.com;09:20;175
mateka2@citromail.hu;petrakis@citromail.hu;22:51;227
mateka2@citromail.hu;valaki@gmail.com;07:18;100
potyi75@gmail.com;krisz17@gmail.com;22:38;1376
tevehaz@citromail.hu;krisz17@gmail.com;13:48;389
tevehaz@citromail.hu;mateka2@citromail.hu;07:48;275
regina09@citromail.hu;rita03@freemail.hu;22:46;100
bond007@gmail.com;mateka2@citromail.hu;10:38;49
sanyi17@citromail.hu;nemen@freemail.hu;14:26;1446
krisz17@gmail.com;misedina@gmail.com;20:02;1128
potyi75@gmail.com;bela06@gmail.com;15:13;1926
valaki@gmail.com;mateka2@citromail.hu;21:24;1029
nemen@freemail.hu;teke11@freemail.hu;15:08;1656
potyi75@gmail.com;nemen@freemail.hu;06:11;993
krisz17@gmail.com;szabo@freemail.hu;20:03;937
szabo@freemail.hu;tevehaz@citromail.hu;16:42;399
sanyi17@citromail.hu;bela06@gmail.com;18:40;181
botond3@gmail.com;sanyi17@citromail.hu;08:06;1851
nemen@freemail.hu;szabo@freemail.hu;22:26;840
misedina@gmail.com;teke11@freemail.hu;07:26;776
tevehaz@citromail.hu;rita03@freemail.hu;13:31;920
regina09@citromail.hu;bond007@gmail.com;12:43;1604
potyi75@gmail.com;bela06@gmail.com;21:47;250
mateka2@citromail.hu;pistanagy@gmail.com;11:10;545
bond007@gmail.com;sanyi17@citromail.hu;14:54;1072
bela06@gmail.com;botond3@gmail.com;23:46;25
petrakis@citromail.hu;valaki@gmail.com;14:55;1006
nemen@freemail.hu;krisz17@gmail.com;20:58;1603
bond007@gmail.com;potyi75@gmail.com;20:45;32
bela06@gmail.com;mateka2@citromail.hu;11:28;231
botond3@gmail.com;bela06@gmail.com;18:57;1172
bela06@gmail.com;nemen@freemail.hu;11:39;1798
teke11@freemail.hu;bela06@gmail.com;23:53;1558
rita03@freemail.hu;misedina@gmail.com;06:18;1622
szabo@freemail.hu;rita03@freemail.hu;20:17;923
rita03@freemail.hu;bond007@gmail.com;09:14;841
petrakis@citromail.hu;mateka2@citromail.hu;17:03;1500
botond3@gmail.com;pistanagy@gmail.com;13:44;1564
misedina@gmail.com;valaki@gmail.com;16:45;897
szabo@freemail.hu;potyi75@gmail.com;22:10;1052
tevehaz@citromail.hu;misedina@gmail.com;06:49;1924
krisz17@gmail.com;tevehaz@citromail.hu;15:22;1329
regina09@citromail.hu;regina09@citromail.hu;15:05;825
mateka2@citromail.hu;regina09@citromail.hu;19:32;120
rita03@freemail.hu;bela06@gmail.com;09:59;1479
regina09@citromail.hu;bond007@gmail.com;22:32;1767
botond3@gmail.com;mateka2@citromail.hu;23:39;102
bond007@gmail.com;bela06@gmail.com;22:02;299
petrakis@citromail.hu;nemen@freemail.hu;10:05;1045
krisz17@gmail.com;misedina@gmail.com;08:46;548
bond007@gmail.com;sanyi17@citromail.hu;21:14;1006
teke11@freemail.hu;petrakis@citromail.hu;10:05;1398
krisz17@gmail.com;szabo@freemail.hu;08:46;764
mateka2@citromail.hu;valaki@gmail.com;23:07;665
petrakis@citromail.hu;bela06@gmail.com;12:48;76
mateka2@citromail.hu;misedina@gmail.com;12:29;1574
tevehaz@citromail.hu;pistanagy@gmail.com;07:05;1150
bela06@gmail.com;petrakis@citromail.hu;19:48;1597
potyi75@gmail.com;pistanagy@gmail.com;13:53;496
sanyi17@citromail.hu;krisz17@gmail.com;13:40;1594
rita03@freemail.hu;bond007@gmail.com;17:05;218
krisz17@gmail.com;sanyi17@citromail.hu;06:32;361
nemen@freemail.hu;bela06@gmail.com;09:12;650
teke11@freemail.hu;misedina@gmail.com;13:05;189
krisz17@gmail.com;pistanagy@gmail.com;19:08;1823
regina09@citromail.hu;misedina@gmail.com;23:54;1644
potyi75@gmail.com;bond007@gmail.com;13:55;909
mateka2@citromail.hu;rita03@freemail.hu;07:07;684
petrakis@citromail.hu;pistanagy@gmail.com;11:35;1622
szabo@freemail.hu;petrakis@citromail.hu;12:06;1737
misedina@gmail.com;regina09@citromail.hu;11:40;164
valaki@gmail.com;misedina@gmail.com;21:36;273
misedina@gmail.com;mateka2@citromail.hu;08:50;1794
nemen@freemail.hu;krisz17@gmail.com;23:55;51
krisz17@gmail.com;botond3@gmail.com;17:13;631
pistanagy@gmail.com;szabo@freemail.hu;20:03;1301
bond007@gmail.com;teke11@freemail.hu;07:52;303
bela06@gmail.com;misedina@gmail.com;10:20;1478
pistanagy@gmail.com;bond007@gmail.com;14:37;552
mateka2@citromail.hu;krisz17@gmail.com;22:27;1860
krisz17@gmail.com;szabo@freemail.hu;16:08;876
bela06@gmail.com;nemen@freemail.hu;13:57;108
nemen@freemail.hu;bela06@gmail.com;10:27;1953
potyi75@gmail.com;bela06@gmail.com;19:29;46
nemen@freemail.hu;regina09@citromail.hu;18:02;608
mateka2@citromail.hu;potyi75@gmail.com;10:42;774
potyi75@gmail.com;bela06@gmail.com;14:57;1256
misedina@gmail.com;tevehaz@citromail.hu;19:26;1195
botond3@gmail.com;rita03@freemail.hu;12:31;1848
krisz17@gmail.com;valaki@gmail.com;13:15;420
sanyi17@citromail.hu;bela06@gmail.com;12:50;253
regina09@citromail.hu;petrakis@citromail.hu;10:49;1103
